Report File,Context,Violations,Persona,Response,Number of Paragraphs,Text Length,Technical Terms,Computation Time,Sentiment,Sentiment Polarity
../reports/report6.json,"{'description': ' Lauren Ralph Lauren ELBOW SLEEVE - T-Shirt basic - black/schwarz für 54,95\xa0€ (10.08.2023) Gratisversand für Bestellungen im Wert von über 29,90 €', 'twitter:title': 'Lauren Ralph Lauren ELBOW SLEEVE - T-Shirt basic - black/schwarz - Zalando.de', 'twitter:description': ' Lauren Ralph Lauren ELBOW SLEEVE - T-Shirt basic - black/schwarz für 54,95\xa0€ (10.08.2023) Gratisversand für Bestellungen im Wert von über 29,90 €', 'title': 'Lauren Ralph Lauren ELBOW SLEEVE - T-Shirt basic - black/schwarz - Zalando.de', 'url': 'https://www.zalando.de/lauren-ralph-lauren-judy-t-shirt-basic-black-l4221d09m-q11.html'}","[{'id': 'aria-allowed-attr', 'description': ""Ensures ARIA attributes are allowed for an element's role"", 'help': 'Elements must only use allowed ARIA attributes', 'impact': 'critical'}, {'id': 'duplicate-id-active', 'description': 'Ensures every id attribute value of active elements is unique', 'help': 'IDs of active elements must be unique', 'impact': 'serious'}, {'id': 'duplicate-id-aria', 'description': 'Ensures every id attribute value used in ARIA and in labels is unique', 'help': 'IDs used in ARIA and labels must be unique', 'impact': 'critical'}]","{'name': 'Claudia', 'story': ""Claudia's journey as a social worker began long before her vision impairment became a part of her life. Born and raised in a small town, Claudia grew up with a strong sense of compassion and a desire to help others.\nShe witnessed firsthand the struggles faced by people in her community and felt a calling to make a difference in\ntheir lives. After completing her education, Claudia embarked on a fulfilling career in social work. Her unwavering dedication and empathetic nature quickly earned her a reputation as a compassionate advocate for those in need. She worked tirelessly to support vulnerable individuals and families, providing them with the resources and guidance necessary to overcome their challenges. However, Claudia's path took an unexpected turn when she was diagnosed with a degenerative eye condition in her early thirties. Gradually, her vision began to deteriorate, and she found herself facing the daunting reality of partial sight impairment. The news was disheartening, but Claudia refused to let it define her or hinder her commitment to her work. Determined to continue her career as a social worker, Claudia embraced various assistive technologies to adapt to her changing vision. She relied on a screen magnifier, which enlarged the content on her computer screen, allowing her to read and navigate digital documents more easily.\nAdditionally, she utilized color-changing software that increased contrast, making it easier for her to distinguish\nbetween different elements on her screen. Adapting to her new visual limitations was challenging, but Claudia's\ndetermination and resilience never wavered. She sought support from colleagues, friends, and family, who provided\nemotional encouragement and practical assistance whenever needed. Claudia's commitment to her clients and her passion\nfor her work drove her to continuously learn and adapt, ensuring she could provide the same level of care and support as before her sight impairment. Through her own experiences, Claudia developed a deep understanding of the challenges faced by individuals with disabilities. She became an advocate for accessibility, not only in her workplace but also in the community. Claudia worked with her colleagues to make their office spaces more inclusive and actively sought out training opportunities to expand her knowledge on accessibility and assistive technologies. Outside of her professional life, Claudia became involved in local support groups for people with vision impairments. She shared her own journey and provided guidance to those who were newly adjusting to their sight impairments. Claudia's empathetic nature and ability to connect with others on a personal level made her a trusted source of support and inspiration for many. Now, at the age of 54, Claudia continues to make a significant impact in the lives of her clients. Her unwavering dedication, adaptability, and compassionate nature have made her a highly respected social worker in her community. Despite her sight impairment, Claudia's determination to help others has not faltered, and she remains an inspiration to those around her, proving that with resilience and the right tools, anyone can overcome obstacles and make a meaningful difference in the world.""}","Oh boy, where do I even begin with this website? As someone who relies on assistive technologies to navigate the online world, I must say, Zalando.de has left me feeling a bit frustrated. It's like trying to find a needle in a haystack...or in this case, a T-shirt on a cluttered webpage. 

First off, let's talk about these ARIA attributes that are used in places where they shouldn't be. It's like trying to fit a square peg into a round hole. It just doesn't work! These invalid role-attribute combinations not only confuse assistive technology, but they also make it harder for people with disabilities to understand the content of the webpage. It's like trying to read a book with pages missing. Not cool, Zalando, not cool.

And then we have the issue of duplicate active ID values. It's like having two people with the same name in a room. Who do you listen to? Screen readers and client-side scripts are just as confused as I am when they encounter these duplicates. It's like trying to have a conversation in a crowded room with everyone talking at once. Chaos!

Last but not least, we have the problem of duplicate IDs in general. It's like having two keys that open the same lock. It just doesn't make sense! These duplicates mess with the accessibility of labels, form fields, and table headers. It's like trying to find your way in a maze without any signs. Talk about a headache!

So, Zalando.de, let's get it together. Accessibility is not just a nice-to-have, it's a must-have. Let's make the online world a place where everyone can shop, browse, and enjoy without any barriers. Trust me, it will be worth it.",5,1625,accessibility,34.558189153671265,negative,-0.042956349206349206
